17899576819458128,rgven13,7,0,1586160877
18083359795172017,rgven13,8,0,1586160878
17922667726376513,bigpaulie01,"yellow 3",0,1586160879
17860647568796168,rgven13,9,0,1586160881
18050518339227471,bigpaulie01,"yellow 4",0,1586160883
18029405383257844,rgven13,0,0,1586160885
17862415213767108,rgven13,1,0,1586160887
17859667111817897,bigpaulie01,"yellow 5",0,1586160889
17907077515434078,bigpaulie01,"yellow 6",0,1586160894
17845776635065301,bigpaulie01,"@rgven13 test",0,1586191425
17899576819458128,rgven13,7,0,1586160877
18083359795172017,rgven13,8,0,1586160878
17922667726376513,bigpaulie01,"yellow 3",0,1586160879
17860647568796168,rgven13,9,0,1586160881
18050518339227471,bigpaulie01,"yellow 4",0,1586160883
18029405383257844,rgven13,0,0,1586160885
17862415213767108,rgven13,1,0,1586160887
17859667111817897,bigpaulie01,"yellow 5",0,1586160889
17907077515434078,bigpaulie01,"yellow 6",0,1586160894
